<?xml version="1.0" ?>
<manifest identifier="jpuEzYs4Jf63Akc9FSThUvNwDZBVEmHIhFgOLbJ0" version="1"
  xmlns="http://www.imsproject.org/xsd/imscp_rootv1p1p2"
  xmlns:adlcp="http://www.adlnet.org/xsd/adlcp_rootv1p2"
  xmlns:xsi="http://www.w3.org/2001/XMLSchema-instance"
  xsi:schemaLocation="http://www.imsproject.org/xsd/imscp_rootv1p1p2 imscp_rootv1p1p2.xsd
                      http://www.adlnet.org/xsd/adlcp_rootv1p2 adlcp_rootv1p2.xsd">
  <metadata>
    <schema>ADL SCORM</schema>
    <schemaversion>1.2</schemaversion>
    <adlcp:location>metadata.xml</adlcp:location>
  </metadata>
  <organizations default="articulate_rise">
      <organization identifier="articulate_rise">
      <title>BSBPMG632 Manage program risks</title>
      <item identifier="i1" identifierref="r1" isvisible="true">
        <title>BSBPMG632 Manage program risks</title>
        <adlcp:datafromlms>eyJjcHYiOiJoRmdPTGJKMCIsInJsZCI6ZmFsc2V9</adlcp:datafromlms>
      </item>
    </organization>
  </organizations>
  <resources>
    <resource identifier="r1" type="webcontent" adlcp:scormtype="sco" href="scormdriver/indexAPI.html">
      <!-- SCORMDRIVER STUFF -->
      <file href="scormdriver/indexAPI.html" />
      <file href="scormdriver/preloadIntegrity.js" />
      <file href="scormdriver/driverOptions.js" />
      <file href="scormdriver/AICCComm.html" />
      <file href="scormdriver/auto-scripts/AutoBookmark.js" />
      <file href="scormdriver/auto-scripts/AutoCompleteSCO.js" />
      <file href="scormdriver/auto-scripts/CourseExit.js" />
      <file href="scormdriver/blank.html" />
      <file href="scormdriver/goodbye.html" />
      <file href="scormdriver/scormdriver.js" />
      <file href="scormdriver/browsersniff.js" />

      <!-- RUNTIME COMMON STUFF -->
      <file href="scormcontent/index.html" />

      
        <file href="scormcontent/lib/fonts/icomoon.ttf"/>
        <file href="scormcontent/lib/fonts/icomoon.woff"/>

        <file href="scormcontent/lib/icomoon.css"/>
        <file href="scormcontent/lib/player-0.0.11.min.js"/>
        <file href="scormcontent/lib/lzwcompress.js"/>
      

      <!-- FRONTEND BUNDLE ASSETS -->
      <file href="scormcontent/lib/rise/9cd16d1c.js" />
<file href="scormcontent/lib/rise/11732e6a.css" />
<file href="scormcontent/lib/rise/d591481e.js" />
<file href="scormcontent/lib/rise/756993cc.css" />
<file href="scormcontent/lib/rise/ebe83b0f.js" />
<file href="scormcontent/lib/rise/92e0d0dc.js" />
<file href="scormcontent/lib/rise/bca1d3e6.js" />
<file href="scormcontent/lib/mondrian/entry.js" />
<file href="scormcontent/lib/mondrian/976bee94.js" />
<file href="scormcontent/lib/mondrian/b05a7b7e.js" />
<file href="scormcontent/lib/mondrian/b176ca34.js" />
<file href="scormcontent/lib/mondrian/c16e7dd3.js" />
<file href="scormcontent/lib/mondrian/d7134136.js" />
<file href="scormcontent/lib/mondrian/c1257364.js" />
<file href="scormcontent/lib/mondrian/eab04a62.js" />
<file href="scormcontent/lib/mondrian/714fc133.js" />


      <!-- RUNTIME CONTENT STUFF -->
      <file href="scormcontent/lib/fonts/BeVietnam-Bold.woff" />
<file href="scormcontent/lib/fonts/BeVietnam-Italic.woff" />
<file href="scormcontent/lib/fonts/BeVietnam-Regular.woff" />
<file href="scormcontent/lib/fonts/Inter-Medium.woff" />
<file href="scormcontent/lib/fonts/Inter-Black.woff" />
<file href="scormcontent/lib/fonts/Inter-Bold.woff" />
<file href="scormcontent/lib/fonts/Inter-Regular.woff" />
<file href="scormcontent/lib/fonts/Inter-Light.woff" />
<file href="scormcontent/assets/rf6bGgp1hUpVePdZ.jpg" />
<file href="scormcontent/assets/stock-image.jpg" />
<file href="scormcontent/assets/yFjpro/stock-image.jpg" />
<file href="scormcontent/assets/9_misc.jpg" />
<file href="scormcontent/assets/w-l6U4/stock-image.jpg" />
<file href="scormcontent/assets/cYg_l3/stock-image.jpg" />
<file href="scormcontent/assets/n99I9n/stock-image.jpg" />
<file href="scormcontent/assets/aagPit/stock-image.jpg" />
<file href="scormcontent/assets/JKWR6l/stock-image.jpg" />
<file href="scormcontent/assets/46_abstract.jpg" />
<file href="scormcontent/assets/I7iOAk/stock-image.jpg" />
<file href="scormcontent/assets/f-v-ci/stock-image.jpg" />
<file href="scormcontent/assets/Flow%20chart.jpg" />
<file href="scormcontent/assets/RiskTable.jpg" />
<file href="scormcontent/assets/ProjectTimeline.jpg" />
<file href="scormcontent/assets/16_tech.jpg" />
<file href="scormcontent/assets/8_architecture.jpg" />
<file href="scormcontent/assets/Picture1.png" />
<file href="scormcontent/assets/0JKNZx/stock-image.jpg" />
<file href="scormcontent/assets/B2nPGk/stock-image.jpg" />
<file href="scormcontent/assets/WUZGa3/stock-image.jpg" />
<file href="scormcontent/assets/Integration%20with%20existing%20processes.png" />
<file href="scormcontent/assets/Complexity%20and%20scale%20of%20projects.png" />
<file href="scormcontent/assets/Stakeholder%20engagement.png" />
<file href="scormcontent/assets/Dynamic%20and%20changing%20environments.png" />
<file href="scormcontent/assets/Resource%20allocation.png" />
<file href="scormcontent/assets/Documentation%20and%20administration.png" />
<file href="scormcontent/assets/Percentage%20of%20critical%20risks%20mitigated.jpg" />
<file href="scormcontent/assets/Average%20risk%20mitigation%20time.jpg" />
<file href="scormcontent/assets/Risk%20detection%20rate.jpg" />
<file href="scormcontent/assets/Compliance%20rate%20with%20risk%20procedures.jpg" />
<file href="scormcontent/assets/30_creative.jpg" />
<file href="scormcontent/assets/XsTUl7/stock-image.jpg" />
<file href="scormcontent/assets/HMO_Gr/stock-image.jpg" />
<file href="scormcontent/assets/-biqz7/stock-image.jpg" />
<file href="scormcontent/assets/q8tiOF/stock-image.jpg" />
<file href="scormcontent/assets/13_tech.jpg" />
<file href="scormcontent/assets/Overview%20of%20Risk%20Management.jpg" />
<file href="scormcontent/assets/Power-BI-Report.jpg" />
<file href="scormcontent/assets/MonteCarloSim.jpg" />
<file href="scormcontent/assets/17_creative.jpg" />
<file href="scormcontent/assets/Cross-City-Tunnel-Sydney.jpg" />
<file href="scormcontent/assets/5ea4a57d95abc92bebf4b02811e1888c.jpg" />
<file href="scormcontent/assets/afc75273-946b-41c3-9167-83108115ea2b.jpg" />
<file href="scormcontent/assets/Galleryimage2AirportLink%20Brisbanec%20ethanrohloffcom.jpg" />
<file href="scormcontent/assets/4_abstract.jpg" />
<file href="scormcontent/assets/i0Gahl/stock-image.jpg" />
<file href="scormcontent/assets/7_creative.jpg" />

      <file href="scormcontent/locales/und.js" />

    </resource>
  </resources>
</manifest>
